"","Sum Sq","Mean Sq","NumDF","DenDF","F value","Pr(>F)"
"FG",0.338187379226586,0.338187379226586,1,818.061755487936,0.200099809977765,0.654758708879026
"Habitat",182.597593590331,45.6493983975826,4,818.951103917204,27.0099847186653,4.47471840077337e-21
"Length.cen",3.63621002228726,3.63621002228726,1,818.130039008282,2.15148458870024,0.142816378977699
"FG:Habitat",46.4352463196759,15.478415439892,3,818.037110326351,9.15831925887493,5.77447035029405e-06
"FG:Length.cen",6.44417495162291,6.44417495162291,1,818.108544011211,3.8129104233049,0.0511996773503937
"Habitat:Length.cen",3.45629769727671,0.864074424319178,4,818.071683098766,0.511258369571119,0.727486647575413
"FG:Habitat:Length.cen",5.51353427721999,1.83784475907333,3,818.070132891611,1.08742197269523,0.353564101711852
