"","Sum Sq","Mean Sq","NumDF","DenDF","F value","Pr(>F)"
"FG",0.338187379226586,0.338187379226586,1,818.06175550917,0.200099809977765,0.654758708879023
"Habitat",182.59759359033,45.6493983975826,4,818.951103912684,27.0099847186653,4.47471840084512e-21
"Length.cen",3.63621002228726,3.63621002228726,1,818.130039014857,2.15148458870024,0.142816378977696
"FG:Habitat",46.4352463196759,15.478415439892,3,818.037110331526,9.15831925887493,5.77447035028655e-06
"FG:Length.cen",6.44417495162291,6.44417495162291,1,818.108544020138,3.8129104233049,0.05119967735039
"Habitat:Length.cen",3.45629769727671,0.864074424319177,4,818.071683084274,0.511258369571118,0.727486647575413
"FG:Habitat:Length.cen",5.51353427721999,1.83784475907333,3,818.070132891611,1.08742197269523,0.353564101711851
