"","Sum Sq","Mean Sq","NumDF","DenDF","F value","Pr(>F)"
"FG",0.789293809166835,0.789293809166835,1,819.049846604789,1.15247291217383,0.283348255745284
"Habitat",40.276269410509,10.0690673526273,4,786.514873744293,14.7021644411554,1.37223612881991e-11
"Length.cen",38.9295170889567,38.9295170889567,1,819.98205451084,56.842222006517,1.25199964822624e-13
"FG:Habitat",3.42444360132161,1.14148120044054,3,818.681265796322,1.66671288686786,0.172679968158587
"FG:Length.cen",1.07045930025173,1.07045930025173,1,819.680948626531,1.56301155893635,0.211581611571032
"Habitat:Length.cen",13.2661421734436,3.31653554336091,4,819.077426558106,4.84257868438094,0.000728358753758073
"FG:Habitat:Length.cen",9.02699041197107,3.00899680399036,3,819.089538790304,4.39353162173797,0.00445918344046226
