"","Sum Sq","Mean Sq","NumDF","DenDF","F value","Pr(>F)"
"FG",0.789293809166836,0.789293809166836,1,819.049846639757,1.15247291217383,0.28334825574527
"Habitat",40.2762694105091,10.0690673526273,4,786.514873684094,14.7021644411554,1.37223612891769e-11
"Length.cen",38.9295170889567,38.9295170889567,1,819.982054163325,56.842222006517,1.2519996487212e-13
"FG:Habitat",3.42444360132161,1.14148120044054,3,818.681265786449,1.66671288686786,0.172679968158598
"FG:Length.cen",1.07045930025173,1.07045930025173,1,819.680948631624,1.56301155893635,0.21158161157103
"Habitat:Length.cen",13.2661421734437,3.31653554336091,4,819.07742657508,4.84257868438095,0.000728358753756707
"FG:Habitat:Length.cen",9.02699041197107,3.00899680399036,3,819.089538790107,4.39353162173797,0.00445918344046229
